{"cameraMode":{"drawMode":0,"name":"Shaded","section":"Shading Mode"},"sceneLighting":true,"audioPlay":false,"sceneViewState":{"m_AlwaysRefresh":false,"showFog":true,"showSkybox":true,"showFlares":true,"showImageEffects":true,"showParticleSystems":true,"showVisualEffectGraphs":true,"m_FxEnabled":true},"in2DMode":false,"pivot":{"x":-7.216769218444824,"y":14.501606941223145,"z":-17.708894729614259},"rotation":{"x":-0.44197410345077517,"y":-0.006192150991410017,"z":0.00305085233412683,"w":-0.8970011472702026},"size":10.978899955749512,"orthographic":false}