{"cameraMode":{"drawMode":0,"name":"Shaded","section":"Shading Mode"},"sceneLighting":true,"audioPlay":false,"sceneViewState":{"m_AlwaysRefresh":false,"showFog":true,"showSkybox":true,"showFlares":true,"showImageEffects":true,"showParticleSystems":true,"showVisualEffectGraphs":true,"m_FxEnabled":true},"in2DMode":false,"pivot":{"x":-1.149806022644043,"y":-1.238734245300293,"z":-3.2378697395324709},"rotation":{"x":0.5174477100372315,"y":-0.008984673768281937,"z":0.005433401558548212,"w":0.8556516170501709},"size":12.024393081665039,"orthographic":false}