{"cameraMode":{"drawMode":0,"name":"Shaded","section":"Shading Mode"},"sceneLighting":true,"audioPlay":false,"sceneViewState":{"m_AlwaysRefresh":false,"showFog":true,"showSkybox":true,"showFlares":true,"showImageEffects":true,"showParticleSystems":true,"showVisualEffectGraphs":true,"m_FxEnabled":true},"in2DMode":false,"pivot":{"x":1.1378018856048585,"y":12.549331665039063,"z":-13.44828987121582},"rotation":{"x":0.5466607213020325,"y":0.007535947021096945,"z":-0.004920079838484526,"w":0.8373046517372131},"size":4.896154403686523,"orthographic":false}